{
  "assetsByChunkName": {
    "vendors~app-account~app-confirmation~app-order": "chunk.7baf38196682bbff36c1.js",
    "vendors~app-account~app-checkout": "chunk.ca5209a552350ed313e2.js",
    "vendors~app-cart~app-checkout": "chunk.0f49c0c62bee84aa8515.js",
    "admin": [
      "admin.b9a9903d0ff605fad8d5.js",
      "admin.b9a9903d0ff605fad8d5.js.map"
    ],
    "app-account": "chunk.aa0c20ccf90fc644bf4b.js",
    "app-checkout": "chunk.c0d4640549608cde25b8.js",
    "app-confirmation": "chunk.2d8e789656184803230a.js",
    "checkout": [
      "checkout.33ac0b4353809859462c.js",
      "checkout.33ac0b4353809859462c.js.map"
    ],
    "storefront": [
      "storefront.f9157585252540d12d2d.css",
      "storefront.cec1de13544553e8334d.js",
      "storefront.f9157585252540d12d2d.css.map",
      "storefront.cec1de13544553e8334d.js.map"
    ],
    "vendors~app-cart": "chunk.f19c2e8423e63587a33c.js",
    "vendors~app-order": "chunk.407f1406daa6cf067378.js"
  }
}