{
  "marketing_stripe": {
    "text": "@chayannepaivasemijoias",
    "link": "https://chayannepaivasemijoias.netlify.app",
    "background": "#0e0e0e"
  },
  "contacts_stripe": {
    "pages": [
      {
        "title": "Nossa missão é levar beleza e alegria para o maior número de mulheres possíveis ",
        "link": "/pages/sobre-nos"
      }
    ],
    "phone_wpp": true,
    "socials": true
  },
  "categories_list": {
    "featured": [
      "/aneis?Anéis "
    ],
    "random": 6,
    "full_width": true
  },
  "desktop_megamenu": false,
  "search_input": true,
  "alphabetical_order_submenu": true,
  "full_width_submenu": true
}