{
  "meta_title": "Chayanne Paiva Semi Joias ",
  "meta_description": "O interessante das semi joias, é que elas possui um preço acessível com designs incríveis de joias ",
  "sections": [
    {
      "type": "banner-slider",
      "autoplay": 9000,
      "full_width": false,
      "slides": [
        {
          "start": "",
          "end": "",
          "img": "/img/uploads/img-20240219-wa0002.jpg",
          "mobile_img": "/img/uploads/img-20240219-wa0002.jpg"
        },
        {
          "start": "",
          "end": "",
          "img": "/img/uploads/img-20240219-wa0003.jpg",
          "mobile_img": "/img/uploads/img-20240219-wa0003.jpg"
        }
      ]
    },
    {
      "type": "info-bar",
      "enabled": true
    },
    {
      "type": "collection-shelf",
      "shuffle": false,
      "collection_id": "628c3ea6df4d8071c920abec:categories:Brincos :/brincos",
      "sort": "news",
      "title": "",
      "headless": false,
      "limit": "",
      "page": ""
    }
  ]
}